"repair_id","source_document_id","source_document_hash","source_file_name","source_file_path","source_file_path_resolution","source_page","affected_v1_chunk_ids","page_v1_chunk_ids","reference_ids","automatic_defect_classification","reviewed_classification","final_action","repair_reason","automatic_reasons","extraction_method_used_v1","ocr_confidence","proposed_v2_extraction_method","required_human_follow_up","repair_status","source_file_exists","source_hash_matches"
"V2-REPAIR-001","18r0QL1RxoXIs-fx6q8pwdjgHXPPVzw9D","488ff49f394e4a7f2aac564ba6af80efa2cbdb6ee44b2381ff92429156933d40","Attestation LE MOTEUR - ITALCAR - AMOA Choix ERP 2018 (1).pdf","external://Devoteam_AI_CLEAN_PIPELINE/data\snapshots\20260714T154731Z_129ff982c8\raw\evidence\18r0QL1RxoXIs-fx6q8pwdjgHXPPVzw9D__Attestation LE MOTEUR - ITALCAR - AMOA Choix ERP 2018 (1).pdf","EXACT_RELATIVE_PATH","1","c01fa1e22614661b80158d8a7e6115937ae62a25fc1b8873afc06fde9e6dc609","35d96e5ae08afaa9847be60d3bbbd1d98e7ae3f7be8be0aaa29396fa72f4b68b;c01fa1e22614661b80158d8a7e6115937ae62a25fc1b8873afc06fde9e6dc609","e4154815cbda34146b9715b1975ecb5cb5ae3cad5017e6199c4b4883bfda4593","CORRUPTED","CORRUPTED","REPAIR_OR_REEXTRACT","Substantial OCR or layout corruption makes the excerpt unreliable. Re-extract or exclude.","EXCESSIVE_FRAGMENTATION;OCR_GIBBERISH","tesseract_ocr","86.6153846154","MULTILINGUAL_OCR_FRA_ENG_ARA_CONTROLLED_STRATEGIES","YES_VERIFY_REPAIRED_TEXT_AND_LINEAGE","PENDING_DEPENDENCY_CHECK","True","True"
"V2-REPAIR-002","12Z0Rux2KvL9GX-cQYHXvru8g1nF4MsC2","17a95c2f50d9ccc8b2c6af686ad2aaff3cead7589beae8cfbe899ef8f7a8db52","Attestion de réf EDM Gestion de projets (2).pdf","external://Devoteam_AI_CLEAN_PIPELINE/data\snapshots\20260714T154731Z_129ff982c8\raw\evidence\12Z0Rux2KvL9GX-cQYHXvru8g1nF4MsC2__Attestion de réf EDM Gestion de projets (2).pdf","EXACT_RELATIVE_PATH","1","466da991a78e7bdc32da3cd5c3f5be7ff8c99f0383dea9e4f6bdf564fb9c7413","466da991a78e7bdc32da3cd5c3f5be7ff8c99f0383dea9e4f6bdf564fb9c7413;9b6ec923b86561d0a27ee2447475559c91867c9b340672706b0e56c2f6843e06","fe52747de709f165464348209eef2d6575d4dc41fc61a65ec231d5f655166ad1","CORRUPTED","CORRUPTED","REPAIR_OR_REEXTRACT","Substantial OCR or layout corruption makes the excerpt unreliable. Re-extract or exclude.","EXCESSIVE_FRAGMENTATION;OCR_GIBBERISH","tesseract_ocr","87.5662650602","MULTILINGUAL_OCR_FRA_ENG_ARA_CONTROLLED_STRATEGIES","YES_VERIFY_REPAIRED_TEXT_AND_LINEAGE","PENDING_DEPENDENCY_CHECK","True","True"
"V2-REPAIR-003","1sgAc96hguNzRPhG3-eKF9NYzs3uvYrjr","19f9dad0d9ec4aab9dc0f130f11c752ee9ac65357e8377953f984504d694a791","BC-BMCI.pdf","external://Devoteam_AI_CLEAN_PIPELINE/data\snapshots\20260714T154731Z_129ff982c8\raw\evidence\1sgAc96hguNzRPhG3-eKF9NYzs3uvYrjr__BC-BMCI.pdf","EXACT_RELATIVE_PATH","1","5595c45da1380273c51af01a17e1550ac0f500beeac466c01d9248327b6dc750","5595c45da1380273c51af01a17e1550ac0f500beeac466c01d9248327b6dc750","d9910e8a1e4ba5b312484efdce47cfe184eb0c0f5ae1b5784a3809d5f0827a24","CORRUPTED","CORRUPTED","REPAIR_OR_REEXTRACT","Substantial OCR or layout corruption makes the excerpt unreliable. Re-extract or exclude.","EXCESSIVE_FRAGMENTATION;OCR_GIBBERISH","tesseract_ocr","73.6941176471","MULTILINGUAL_OCR_FRA_ENG_ARA_CONTROLLED_STRATEGIES","YES_VERIFY_REPAIRED_TEXT_AND_LINEAGE","PENDING_DEPENDENCY_CHECK","True","True"
"V2-REPAIR-004","1KqIfRav47BU2AiOprNfWX45HKuSwCWkh","ac5b1d02dc294a2d5843f59a2289831b11d52dc28c88f183be87fada1d86a15c","BIAT_MCO.pdf","external://Devoteam_AI_CLEAN_PIPELINE/data\snapshots\20260714T154731Z_129ff982c8\raw\evidence\1KqIfRav47BU2AiOprNfWX45HKuSwCWkh__BIAT_MCO.pdf","EXACT_RELATIVE_PATH","2","38500b06bd19daf7d0930ca994f293c19b3ff879ade0bb62bbb3a2552130d0fc","0a9d9667ee27e358597c926762a42ddd3dc7a748409d3ced3e247ba5af5d73ce;38500b06bd19daf7d0930ca994f293c19b3ff879ade0bb62bbb3a2552130d0fc","31b38641362917748ceb82e29e8b0568b15406f62c1714d2fd4614ab469b9411","INCOHERENT_MIXED_CONTENT","INCOHERENT_MIXED_CONTENT","REPAIR_OR_REEXTRACT","Mixed scripts/languages are interleaved in an incoherent reading order. Exclude and consider targeted re-extraction.","EXCESSIVE_FRAGMENTATION;OCR_GIBBERISH;INCOHERENT_MIXED_SCRIPT","tesseract_ocr","77.980861244","MULTILINGUAL_OCR_FRA_ENG_ARA_CONTROLLED_STRATEGIES","YES_VERIFY_REPAIRED_TEXT_AND_LINEAGE","PENDING_DEPENDENCY_CHECK","True","True"
"V2-REPAIR-005","1KqIfRav47BU2AiOprNfWX45HKuSwCWkh","ac5b1d02dc294a2d5843f59a2289831b11d52dc28c88f183be87fada1d86a15c","BIAT_MCO.pdf","external://Devoteam_AI_CLEAN_PIPELINE/data\snapshots\20260714T154731Z_129ff982c8\raw\evidence\1KqIfRav47BU2AiOprNfWX45HKuSwCWkh__BIAT_MCO.pdf","EXACT_RELATIVE_PATH","3","77f3023b27ae5c32c4adf104ddddbb8674556f71742c4585b7036ae1f4dfd3aa;83246513234d067c45993ab4a83e46cd546a92e62702e82411a87a9056db6e94","525ebc03cb788ba75899aef4f3f8710833009fd72f60761460092f374cfbbf15;77f3023b27ae5c32c4adf104ddddbb8674556f71742c4585b7036ae1f4dfd3aa;83246513234d067c45993ab4a83e46cd546a92e62702e82411a87a9056db6e94","31b38641362917748ceb82e29e8b0568b15406f62c1714d2fd4614ab469b9411","CORRUPTED;READABLE_WITH_LAYOUT_NOISE","CORRUPTED","REPAIR_OR_REEXTRACT","Substantial OCR or layout corruption makes the excerpt unreliable. Re-extract or exclude.","INTRINSIC_QUALITY_PASS;OCR_GIBBERISH","tesseract_ocr","85.128742515","MULTILINGUAL_OCR_FRA_ENG_ARA_CONTROLLED_STRATEGIES","YES_VERIFY_REPAIRED_TEXT_AND_LINEAGE","PENDING_DEPENDENCY_CHECK","True","True"
"V2-REPAIR-006","1KqIfRav47BU2AiOprNfWX45HKuSwCWkh","ac5b1d02dc294a2d5843f59a2289831b11d52dc28c88f183be87fada1d86a15c","BIAT_MCO.pdf","external://Devoteam_AI_CLEAN_PIPELINE/data\snapshots\20260714T154731Z_129ff982c8\raw\evidence\1KqIfRav47BU2AiOprNfWX45HKuSwCWkh__BIAT_MCO.pdf","EXACT_RELATIVE_PATH","4","35594d8c1b79d0726f88e55e4dcfb8c23276e4a7e8eb138350b4051a61ac0319","0221a35f2b28820262218086aedeaa7ebd20068cd305ca0deb41fef91db875a9;35594d8c1b79d0726f88e55e4dcfb8c23276e4a7e8eb138350b4051a61ac0319;74f09b34f7908626df8bdcbb31d78f1328d9a0aeeac75305acb6916c22cbf2d0","31b38641362917748ceb82e29e8b0568b15406f62c1714d2fd4614ab469b9411","CLEAN","INCOHERENT_MIXED_CONTENT","REPAIR_OR_REEXTRACT","Mixed scripts/languages are interleaved in an incoherent reading order. Exclude and consider targeted re-extraction.","INTRINSIC_QUALITY_PASS","tesseract_ocr","80.4006410256","MULTILINGUAL_OCR_FRA_ENG_ARA_CONTROLLED_STRATEGIES","YES_VERIFY_REPAIRED_TEXT_AND_LINEAGE","PENDING_DEPENDENCY_CHECK","True","True"
"V2-REPAIR-007","18FkhkQWqnNaQdyn5DviVHZAVspGfvy_n","61bc903120205f9a12e5e84d7b587601efd10df31a63be7386b6738b80eee294","CONTRAT NSIA - DEVOTEAM - Mise en place de la nouvelle Organisation vf (1) (1).pdf","external://Devoteam_AI_CLEAN_PIPELINE/data\snapshots\20260714T154731Z_129ff982c8\raw\evidence\18FkhkQWqnNaQdyn5DviVHZAVspGfvy_n__CONTRAT NSIA - DEVOTEAM - Mise en place de la nouvelle Organisation vf (1) (1).pdf","EXACT_RELATIVE_PATH","14","20e514f4c007f401f71c78b7f5ca5386d029258bdc51b9bdff18dee40138042e","20e514f4c007f401f71c78b7f5ca5386d029258bdc51b9bdff18dee40138042e;5361816dacb87bb88f4ef261c80df1898260d75c79bbbf0ab13d5b2bb31eadb2;cb791b53c52d3eb8d3f4930b647c877ade0831ff5517ee179c97adabbb4e6dae;f352aa9f44bf13707eaf2d45318af5227532e49326b9e0f699549f0913d97a21","1050dc5ecb89d278aeddbd0b4548867b56d072c72eec4153709ec701cbba8be2","READABLE_WITH_LAYOUT_NOISE","INCOHERENT_MIXED_CONTENT","REPAIR_OR_REEXTRACT","Mixed scripts/languages are interleaved in an incoherent reading order. Exclude and consider targeted re-extraction.","INTRINSIC_QUALITY_PASS","tesseract_ocr","80.3976470588","MULTILINGUAL_OCR_FRA_ENG_ARA_CONTROLLED_STRATEGIES","YES_VERIFY_REPAIRED_TEXT_AND_LINEAGE","PENDING_DEPENDENCY_CHECK","True","True"
"V2-REPAIR-008","1Xdpgr2VTsOTLw4W7P2uNID4SJnrOwDvc","ccc4c06f138a9d2ed59f254c9b19e521ac0d56a6848324c91e01aadb9df66fe4","Contrat BH PCA 2017.pdf","external://Devoteam_AI_CLEAN_PIPELINE/data\snapshots\20260714T154731Z_129ff982c8\raw\evidence\1Xdpgr2VTsOTLw4W7P2uNID4SJnrOwDvc__Contrat BH PCA 2017.pdf","EXACT_RELATIVE_PATH","2","a55d8dbb2b1ba55e3e976fa9ca81f6d022838f8e1a32876d2b4cd7a271e6d8e6","4ca5c6ced9c1e7392733151b37451dff867c38ea370ad5fbf716fa94e8b58b08;a55d8dbb2b1ba55e3e976fa9ca81f6d022838f8e1a32876d2b4cd7a271e6d8e6;af15968af529f0c128d9386c18a370c2a459d95d977a6885683e8a5c80d58f01","b3bdfbb8c906aa73c8fdcb26ad008ca3a34c37d470abe0be016776fefd9b2a90","READABLE_WITH_LAYOUT_NOISE","INCOHERENT_MIXED_CONTENT","REPAIR_OR_REEXTRACT","Mixed scripts/languages are interleaved in an incoherent reading order. Exclude and consider targeted re-extraction.","INTRINSIC_QUALITY_PASS","tesseract_ocr","87.8380681818","MULTILINGUAL_OCR_FRA_ENG_ARA_CONTROLLED_STRATEGIES","YES_VERIFY_REPAIRED_TEXT_AND_LINEAGE","PENDING_DEPENDENCY_CHECK","True","True"
"V2-REPAIR-009","1Z0Xj34r2HOSeI0BY35tCKQ8vspbcjbIO","06311d62b029926995782f39f2aa830859cb42e35438197e0cfdc141e76ef2f5","Contrat STEG (2).pdf","external://Devoteam_AI_CLEAN_PIPELINE/data\snapshots\20260714T154731Z_129ff982c8\raw\evidence\1Z0Xj34r2HOSeI0BY35tCKQ8vspbcjbIO__Contrat STEG (2).pdf","EXACT_RELATIVE_PATH","11","d8f710625aa84a8bcd3d29b0ecac3a247808b59034b6f0e3e5fc9b75264acac9","11ac7fc0b9e064019d56e74d00c79f36b0412799076c7582df91e0154a0291ad;58b943ff7ec69f756a5f931a415076b5ba8788003be7a5e8a3f66741aefff452;943d8ed779216b1eba80b25e9e6d4fd6bdb674a21eee4d6d2926ff6547765cb8;d8f710625aa84a8bcd3d29b0ecac3a247808b59034b6f0e3e5fc9b75264acac9","93255fc7d7b5e84223c7cfb1cb3c3020f07ea64b410cb9aeecb304e2912aa48f","INCOHERENT_MIXED_CONTENT","INCOHERENT_MIXED_CONTENT","REPAIR_OR_REEXTRACT","Mixed scripts/languages are interleaved in an incoherent reading order. Exclude and consider targeted re-extraction.","EXCESSIVE_SINGLE_CHARACTER_TOKENS;INCOHERENT_MIXED_SCRIPT","tesseract_ocr","77.7722007722","MULTILINGUAL_OCR_FRA_ENG_ARA_CONTROLLED_STRATEGIES","YES_VERIFY_REPAIRED_TEXT_AND_LINEAGE","PENDING_DEPENDENCY_CHECK","True","True"
"V2-REPAIR-010","1Rh0QTa2bVdQ_mjwWK0FDRMUcoa9hMo6L","9ec65c66dbdc18cd35f520254301f9c4fa05bd73aab1a9bf2fb09aace1df791d","Contrat de mission de sous-traitance ODEDIS 2021 Orange CI (1).pdf","external://Devoteam_AI_CLEAN_PIPELINE/data\snapshots\20260714T154731Z_129ff982c8\raw\evidence\1Rh0QTa2bVdQ_mjwWK0FDRMUcoa9hMo6L__Contrat de mission de sous-traitance ODEDIS 2021 Orange CI (1).pdf","EXACT_RELATIVE_PATH","4","0f33bda27645fdecf1a3c72ca324716ce985e05f5535db24028f09c098b93b90","0f33bda27645fdecf1a3c72ca324716ce985e05f5535db24028f09c098b93b90;19f4f9a85b1bd5ac4ce428639c446327f3184ef84a24c3043500e912e3bb9cb8","0c4745eec93aaac3efac80af968da5f0c03f544837f98ad680b2cb29342f9037","CORRUPTED","CORRUPTED","REPAIR_OR_REEXTRACT","Substantial OCR or layout corruption makes the excerpt unreliable. Re-extract or exclude.","EXCESSIVE_SINGLE_CHARACTER_TOKENS","tesseract_ocr","66.4789272031","MULTILINGUAL_OCR_FRA_ENG_ARA_CONTROLLED_STRATEGIES","YES_VERIFY_REPAIRED_TEXT_AND_LINEAGE","PENDING_DEPENDENCY_CHECK","True","True"
"V2-REPAIR-011","1ON0dJL3WcgheEKQowjhBiLbAUSaq4oGG","e27efffc8499b5731b22ba34275a2359a745832cf04e07f833db10f7a49e67d3","SONEDE SDSI  (2).pdf","external://Devoteam_AI_CLEAN_PIPELINE/data\snapshots\20260714T154731Z_129ff982c8\raw\evidence\1ON0dJL3WcgheEKQowjhBiLbAUSaq4oGG__SONEDE SDSI (2).pdf","EXACT_RELATIVE_PATH","12","1d9570445d7f56178b9227cb7c062d03ea2b334bfd8a878fab24fa856053a584","1d9570445d7f56178b9227cb7c062d03ea2b334bfd8a878fab24fa856053a584","0bf1bfe6a5300a8e4542f7115228366017a94af0de96600cbfcfc535d2b1d36e;fda5298a5aa4e7010d493b2bf7a9c249d727ee960091428e070ef2edc1e2814a","CORRUPTED","CORRUPTED","REPAIR_OR_REEXTRACT","Substantial OCR or layout corruption makes the excerpt unreliable. Re-extract or exclude.","EXCESSIVE_FRAGMENTATION","tesseract_ocr","86.1329113924","MULTILINGUAL_OCR_FRA_ENG_ARA_CONTROLLED_STRATEGIES","YES_VERIFY_REPAIRED_TEXT_AND_LINEAGE","PENDING_DEPENDENCY_CHECK","True","True"
"V2-REPAIR-012","1lrqoN0Ca3ciBwE3dGGiILXPONKWwyM-o","9689818bbfa7a4a86fec8fd36c0f8c3bafdd4df6baa5b78cf74083b5a7da0f8a","SUNU = Mise en place d'un API Gareway.pdf","external://Devoteam_AI_CLEAN_PIPELINE/data\snapshots\20260714T154731Z_129ff982c8\raw\evidence\1lrqoN0Ca3ciBwE3dGGiILXPONKWwyM-o__SUNU = Mise en place d_un API Gareway.pdf","STABLE_DOCUMENT_ID_FILENAME_MATCH","1","29f2fab0a7e41b683beb8c698245c9ff926ccb7facaff61893b6244e6a540da5","29f2fab0a7e41b683beb8c698245c9ff926ccb7facaff61893b6244e6a540da5;2b4aab8c7b33a98cc213378479c68100332083da59ca1806d0128411b61bafd1","e5d39000071b4c5c2f1170fcbce4de576b4fe8643cd125a1a82df9d0da3e82bd","INCOHERENT_MIXED_CONTENT","INCOHERENT_MIXED_CONTENT","REPAIR_OR_REEXTRACT","Mixed scripts/languages are interleaved in an incoherent reading order. Exclude and consider targeted re-extraction.","EXCESSIVE_SINGLE_CHARACTER_TOKENS;OCR_GIBBERISH;INCOHERENT_MIXED_SCRIPT","tesseract_ocr","85.8148148148","MULTILINGUAL_OCR_FRA_ENG_ARA_CONTROLLED_STRATEGIES","YES_VERIFY_REPAIRED_TEXT_AND_LINEAGE","PENDING_DEPENDENCY_CHECK","True","True"
"V2-REPAIR-013","1W9zVSEb6VA9w-sNbuU656eqesc0PpmYX","be281ba4861d335d065048473ec53788b7474c945ef9c6f87fd54929bc8c6680","avenant NSIA GED DATA Mobile  (1).pdf","external://Devoteam_AI_CLEAN_PIPELINE/data\snapshots\20260714T154731Z_129ff982c8\raw\evidence\1W9zVSEb6VA9w-sNbuU656eqesc0PpmYX__avenant NSIA GED DATA Mobile (1).pdf","EXACT_RELATIVE_PATH","12","cd36e9f909c1adee761c768b5f6a4b5700fcbe2f387981ee0e1dcbd11871d065","cd36e9f909c1adee761c768b5f6a4b5700fcbe2f387981ee0e1dcbd11871d065","51948495b0b47b0306b0d80f87c8c7e5ed8ea01e33c9e0af130bf9dbf9291390","CORRUPTED","INCOHERENT_MIXED_CONTENT","REPAIR_OR_REEXTRACT","Mixed scripts/languages are interleaved in an incoherent reading order. Exclude and consider targeted re-extraction.","OCR_GIBBERISH","tesseract_ocr","67.8455882353","MULTILINGUAL_OCR_FRA_ENG_ARA_CONTROLLED_STRATEGIES","YES_VERIFY_REPAIRED_TEXT_AND_LINEAGE","PENDING_DEPENDENCY_CHECK","True","True"
"V2-REPAIR-014","1Y00_IZEFBzWh2VtPl6ROFtEawHVXyJB-","1d265b3480372713185fd403e95c60a72ef361e6726d933df730eab36af22ae3","contrat GIZ-AMOA 83400520  (1).pdf","external://Devoteam_AI_CLEAN_PIPELINE/data\snapshots\20260714T154731Z_129ff982c8\raw\evidence\1Y00_IZEFBzWh2VtPl6ROFtEawHVXyJB-__contrat GIZ-AMOA 83400520 (1).pdf","EXACT_RELATIVE_PATH","14","a7dcdf562d40a8a84acd24a1332c26cf2f7cd6cb0a5757fe0b251b6d4073413c","2ebce0c36d53ed46ec23b33ece1b7998946faa3004fc7bf8360009de365a7922;a7dcdf562d40a8a84acd24a1332c26cf2f7cd6cb0a5757fe0b251b6d4073413c","51f1639e89291600e780bb6d61b5a9c1057a732b918fff3f064ce53583d24220","INCOHERENT_MIXED_CONTENT","INCOHERENT_MIXED_CONTENT","REPAIR_OR_REEXTRACT","Mixed scripts/languages are interleaved in an incoherent reading order. Exclude and consider targeted re-extraction.","EXCESSIVE_SINGLE_CHARACTER_TOKENS;INCOHERENT_MIXED_SCRIPT","tesseract_ocr","64.9523809524","MULTILINGUAL_OCR_FRA_ENG_ARA_CONTROLLED_STRATEGIES","YES_VERIFY_REPAIRED_TEXT_AND_LINEAGE","PENDING_DEPENDENCY_CHECK","True","True"
"V2-REPAIR-015","1Y00_IZEFBzWh2VtPl6ROFtEawHVXyJB-","1d265b3480372713185fd403e95c60a72ef361e6726d933df730eab36af22ae3","contrat GIZ-AMOA 83400520  (1).pdf","external://Devoteam_AI_CLEAN_PIPELINE/data\snapshots\20260714T154731Z_129ff982c8\raw\evidence\1Y00_IZEFBzWh2VtPl6ROFtEawHVXyJB-__contrat GIZ-AMOA 83400520 (1).pdf","EXACT_RELATIVE_PATH","23","0e25bd00d386ae0413c18a0a25bed3b883702639b2c6146f552cabd63d14d2a3;bd2f59ba75004e7ccc89d9c6e0c411e290f43591c3c65c6b8ef585f48bce70e6","0e25bd00d386ae0413c18a0a25bed3b883702639b2c6146f552cabd63d14d2a3;40a033d6ca206fb02b26b8df17e2cda3e8ae2b06c11c17f6e4b15b94e5f7138e;4962942c19381eda0781c9cb1cb27aaf167f49c66bfdf6be414903df38170ce1;697289409b64636eea4bd690f4263468aedabcd9fab4766a636ffdccc1ac8d21;8a4a7034a7f0d320638967b83d8643f17b784ae173020634ae63657d520e2957;a091ccd0a66140830c0c29f64ae18a4395a85077e72af22e7c6253d9ca1b32fd;aa7f1ef12b68648fdca82ab9305d96958dd4ad043fbdc53a83512772145cfcfa;bd2f59ba75004e7ccc89d9c6e0c411e290f43591c3c65c6b8ef585f48bce70e6;c387e76af47bed97d9b1315d50241289f614d1ddd1f950bd51f49419f6367ddb;c78ec367bd28a6e47dc93bc6bcfafc0664b3510de852f8206507e44b1303ef34;e2914563cb548762fb9802bfd62f5cca9a3f8fa3750a574d357fa41712088623;e7200ba04b7cd1198ea668f30f1ec36bd028e70d3741c792b90c5c7507faa050;ec1932316656669c79c09e024666c3078d1052f9319bcebfbd69c23a965a4141;edf52cd4450102f4dc8f254aefef98393c1dddbf17d93b85e0b1af219ce4a8ba;f2665e96c6efe85bd03eebc9f49c93bf4314674741aa360c60f1981cbb661253;f66a8077ccf9fcad11829cd57bc501bf45a7b82059a6677aab740a8d3cead415;fa07bf79a3eee6342184c2c179b58b9347ec2b67c3f7a2f2235fa7f8f366ba62","51f1639e89291600e780bb6d61b5a9c1057a732b918fff3f064ce53583d24220","CLEAN;CORRUPTED","CORRUPTED;INCOHERENT_MIXED_CONTENT","REPAIR_OR_REEXTRACT","Mixed scripts/languages are interleaved in an incoherent reading order. Exclude and consider targeted re-extraction. | Substantial OCR or layout corruption makes the excerpt unreliable. Re-extract or exclude.","EXCESSIVE_FRAGMENTATION;OCR_GIBBERISH;INTRINSIC_QUALITY_PASS","tesseract_ocr","80.7887606623","MULTILINGUAL_OCR_FRA_ENG_ARA_CONTROLLED_STRATEGIES","YES_VERIFY_REPAIRED_TEXT_AND_LINEAGE","PENDING_DEPENDENCY_CHECK","True","True"
"V2-REPAIR-016","1Y00_IZEFBzWh2VtPl6ROFtEawHVXyJB-","1d265b3480372713185fd403e95c60a72ef361e6726d933df730eab36af22ae3","contrat GIZ-AMOA 83400520  (1).pdf","external://Devoteam_AI_CLEAN_PIPELINE/data\snapshots\20260714T154731Z_129ff982c8\raw\evidence\1Y00_IZEFBzWh2VtPl6ROFtEawHVXyJB-__contrat GIZ-AMOA 83400520 (1).pdf","EXACT_RELATIVE_PATH","24","1eb6eb4409009728422aa7f62bded78b0b89ce273eea9a5a0e6a7c270d9b8cd4","1eb6eb4409009728422aa7f62bded78b0b89ce273eea9a5a0e6a7c270d9b8cd4;29fb4a52d024b280ead32f0ba335d709308fab80a6268962c87ddfefa419ac0c;2a19376319e43dd90dd4f22d277a5696ab566213caeedaf1745fda8aa3d2e71e;36979a9ce9c69ea35d6deae0ba14d8ba6fcc2780cb7bf0a1a3a4a60989adac57;3f44bc551cd8fc13940932b7ef1d34a1af27386a9aeb1cb3657be33554ad3827;551422b3eeb10a188bd226e53a6e72587d84418a6ffd3d5fd7b3ffc59079d68a;5931acb05d929b1850bd4c781fd7b51b4f1caf0620fb94412acfd804b16eab45;5bb12f01cefe5cf3bc5991dfba33d775b560f68f6f8ef775ff7211998d81cbe9;61ec7641d464c910308516dafe20ce1f6f50f8fb18dba53ff92d977f96f52978;7ccda80cd46eefe0fb7a5a2a604b0bcf8bb52e63bf8a1db7acede09b8be136ba;8354a9ff6d0b0ffed912320cd4bb10e74ae3e3c6ba741e6e6e0795069ec483fa;8a739de9674813aa4451619a971dfc22ebb1bd5fb41122adf44ea3a5a726f43d;9851794d9064ca752d30b500ecdc48feba97ef075f5fd641a24ffae3053a1373;a4c8ed537b3ac07f642d51f534f5adf4a2aa4c84fe23d2ab42b5cf3ab8c1553a;a6168ef4f2b3424606a4ff5246af380723d8df0b7b663aae7f14ac8f3d853615;accbf6553d10a95aa788ea8644d4b5d072c9dec19df8eb4a7d1774a793eb8a57;b35e7a9d3273448e42fb418d2672c0492361a21dc61f01757d4e15766c68a646;c92d6d6618a4d54557d1118a20b70b15274c1cc94608b5e207308bacf2f317ff;c9adaf3c926dc5b2c272aee087e59c093e209b6e20878cc234bd4b360c63d052;d32f2ac712dc45a18096437be61d39ca4e671ee407c313c050779bcae003c4a9;df099a433b40efbfb33cabfbe6fa179c7cd324d5c7847cc75bd842c0b8143604;e2ce94d931bb5960d01c4d960f7ee558591b0bf66e828f54fb24d980ba14df00","51f1639e89291600e780bb6d61b5a9c1057a732b918fff3f064ce53583d24220","CORRUPTED","INCOHERENT_MIXED_CONTENT","REPAIR_OR_REEXTRACT","Mixed scripts/languages are interleaved in an incoherent reading order. Exclude and consider targeted re-extraction.","OCR_GIBBERISH","tesseract_ocr","84.4044198895","MULTILINGUAL_OCR_FRA_ENG_ARA_CONTROLLED_STRATEGIES","YES_VERIFY_REPAIRED_TEXT_AND_LINEAGE","PENDING_DEPENDENCY_CHECK","True","True"
"V2-REPAIR-017","1Y00_IZEFBzWh2VtPl6ROFtEawHVXyJB-","1d265b3480372713185fd403e95c60a72ef361e6726d933df730eab36af22ae3","contrat GIZ-AMOA 83400520  (1).pdf","external://Devoteam_AI_CLEAN_PIPELINE/data\snapshots\20260714T154731Z_129ff982c8\raw\evidence\1Y00_IZEFBzWh2VtPl6ROFtEawHVXyJB-__contrat GIZ-AMOA 83400520 (1).pdf","EXACT_RELATIVE_PATH","4","200f737a3ce35a71c4b2f33a15d1de7e1bf209bbe12a06f7229e2d823b56a2c0","200f737a3ce35a71c4b2f33a15d1de7e1bf209bbe12a06f7229e2d823b56a2c0","51f1639e89291600e780bb6d61b5a9c1057a732b918fff3f064ce53583d24220","CORRUPTED","CORRUPTED","REPAIR_OR_REEXTRACT","Substantial OCR or layout corruption makes the excerpt unreliable. Re-extract or exclude.","EXCESSIVE_FRAGMENTATION;REPETITIVE_TEXT;OCR_GIBBERISH","tesseract_ocr","93.3076923077","MULTILINGUAL_OCR_FRA_ENG_ARA_CONTROLLED_STRATEGIES","YES_VERIFY_REPAIRED_TEXT_AND_LINEAGE","PENDING_DEPENDENCY_CHECK","True","True"
"V2-REPAIR-018","1E3ipo7b2wDHt3w6ppVkgp4p20PCO4qjC","941138cad0bf50b40d3f9559f3a0b986bbe14fe1a92e882231e695f4f3ed8101","contrat smart africa  (2).pdf","external://Devoteam_AI_CLEAN_PIPELINE/data\snapshots\20260714T154731Z_129ff982c8\raw\evidence\1E3ipo7b2wDHt3w6ppVkgp4p20PCO4qjC__contrat smart africa (2).pdf","EXACT_RELATIVE_PATH","21","e2f5124dc86b28dcaa6ffbe3021343ae0924151770707795427fc21cc672cd69","1e99b1f6e0cda70e893d3dd31753e84196ac72fc0b6055a9dc9293d39261abfc;37a281f859e04e2c6d5405770bc4ad28bdb2fe335afefe10f58d5062863542fb;e2f5124dc86b28dcaa6ffbe3021343ae0924151770707795427fc21cc672cd69","85727d1de009de76cb4bd50624b1cbfbc1d090d0e1a6c1a80caad0300761701f","CORRUPTED","CORRUPTED","REPAIR_OR_REEXTRACT","Substantial OCR or layout corruption makes the excerpt unreliable. Re-extract or exclude.","EXCESSIVE_FRAGMENTATION;REPETITIVE_TEXT;OCR_GIBBERISH","tesseract_ocr","92.9904458599","MULTILINGUAL_OCR_FRA_ENG_ARA_CONTROLLED_STRATEGIES","YES_VERIFY_REPAIRED_TEXT_AND_LINEAGE","PENDING_DEPENDENCY_CHECK","True","True"
"V2-REPAIR-019","1-mlwDmE3-y5lr7V6_wqfinIM-Zx1Rifr","ed435e6341ecba16a9b6f30c9e53cac2d2bd5b5665af90ad7abba3accd38e48e","mise en place PCA.pdf","external://Devoteam_AI_CLEAN_PIPELINE/data\snapshots\20260714T154731Z_129ff982c8\raw\evidence\1-mlwDmE3-y5lr7V6_wqfinIM-Zx1Rifr__mise en place PCA.pdf","EXACT_RELATIVE_PATH","1","8e18b0f0bf8867fc8cadefb5d99f36c7bc88eb150333d076d33c072c0d1335bd","8e18b0f0bf8867fc8cadefb5d99f36c7bc88eb150333d076d33c072c0d1335bd;9b99a267b687958535890a3d785542b1491b2395839c28338550d6980cbbd234","f88d0ed9ff864aec09a27a05738b73780b7b9de7e755cd0a3a1a45405233383d","CORRUPTED","CORRUPTED","REPAIR_OR_REEXTRACT","Substantial OCR or layout corruption makes the excerpt unreliable. Re-extract or exclude.","EXCESSIVE_FRAGMENTATION;OCR_GIBBERISH","tesseract_ocr","89.7290322581","MULTILINGUAL_OCR_FRA_ENG_ARA_CONTROLLED_STRATEGIES","YES_VERIFY_REPAIRED_TEXT_AND_LINEAGE","PENDING_DEPENDENCY_CHECK","True","True"
